{"cameraMode":{"drawMode":0,"name":"Shaded","section":"Shading Mode"},"sceneLighting":true,"audioPlay":false,"sceneViewState":{"m_AlwaysRefresh":false,"showFog":true,"showSkybox":true,"showFlares":true,"showImageEffects":true,"showParticleSystems":true,"showVisualEffectGraphs":true,"m_FxEnabled":true},"in2DMode":false,"pivot":{"x":232.17266845703126,"y":-12.134851455688477,"z":-68.02749633789063},"rotation":{"x":0.14701096713542939,"y":-0.34930869936943056,"z":0.055575065314769748,"w":0.9238025546073914},"size":27.9813175201416,"orthographic":false}