{"cameraMode":{"drawMode":0,"name":"Shaded","section":"Shading Mode"},"sceneLighting":false,"audioPlay":false,"sceneViewState":{"m_AlwaysRefresh":false,"showFog":true,"showSkybox":false,"showFlares":true,"showImageEffects":true,"showParticleSystems":true,"showVisualEffectGraphs":true,"m_FxEnabled":true},"in2DMode":false,"pivot":{"x":220.0326385498047,"y":-39.853885650634769,"z":-70.50028991699219},"rotation":{"x":-0.4832177758216858,"y":-0.008391502313315869,"z":0.004638467449694872,"w":-0.8755382299423218},"size":0.4330148994922638,"orthographic":false}