{"cameraMode":{"drawMode":0,"name":"Shaded","section":"Shading Mode"},"sceneLighting":false,"audioPlay":false,"sceneViewState":{"m_AlwaysRefresh":false,"showFog":true,"showSkybox":false,"showFlares":true,"showImageEffects":true,"showParticleSystems":true,"showVisualEffectGraphs":true,"m_FxEnabled":true},"in2DMode":false,"pivot":{"x":1.7105941772460938,"y":1.5619151592254639,"z":1.5524821281433106},"rotation":{"x":-0.15996024012565614,"y":-0.04617217928171158,"z":0.007372796069830656,"w":-0.986100971698761},"size":3.331360101699829,"orthographic":false}