{"cameraMode":{"drawMode":0,"name":"Shaded","section":"Shading Mode"},"sceneLighting":false,"audioPlay":false,"sceneViewState":{"m_AlwaysRefresh":false,"showFog":true,"showSkybox":false,"showFlares":true,"showImageEffects":true,"showParticleSystems":true,"showVisualEffectGraphs":true,"m_FxEnabled":true},"in2DMode":false,"pivot":{"x":0.20693814754486085,"y":1.4485421180725098,"z":1.4726343154907227},"rotation":{"x":-0.018309319391846658,"y":-0.013770396821200848,"z":0.00012536949361674488,"w":-0.999821662902832},"size":3.123934745788574,"orthographic":false}